{
    "status": "success",
    "data": [
        {
            "title": "Arachidi",
            "description": "Le arachidi vanno ridotte in farina",
            "thumbUrl": "assets/imgs/product/DSC_0001.JPG",
            "imagesUrl": "assets/imgs/product/DSC_0004.JPG"
        },
        {
            "title": "Carote",
            "description": "La carota va tagliata nel verso della sua lunghezza e poi in pezzi di 5mm",
            "thumbUrl": "assets/imgs/product/DSC_0060.JPG",
            "imagesUrl": "assets/imgs/product/DSC_0011.JPG"
        },
        {
            "title": "I wurstel",
            "description": "Il wurstel va tagliato nel verso della sua lunghezza e poi in pezzi di 5mm",
            "thumbUrl": "assets/imgs/product/DSC_0013.JPG",
            "imagesUrl": "assets/imgs/product/DSC_0018.JPG"
        },
        {
            "title": "Baby-carote",
            "description": "La baby-carota va tagliata in pezzi di 5mm",
            "thumbUrl": "assets/imgs/product/DSC_0005.JPG",
            "imagesUrl": "assets/imgs/product/DSC_0011.JPG"
        },
        {
            "title": "Ciliegie",
            "description": "La ciliegia va tagliata in pezzi di 5mm dopo averne tolto il nocciolo",
            "thumbUrl": "assets/imgs/product/DSC_0021.JPG",
            "imagesUrl": "assets/imgs/product/DSC_0026.JPG"
        },
        {
            "title": "Uva",
            "description": "Gli acini vanno tagliati in pezzi da 5mm dopo averne tolto i semi",
            "thumbUrl": "assets/imgs/product/DSC_0029.JPG",
            "imagesUrl": "assets/imgs/product/DSC_0032.JPG"
        },
        {
            "title": "Mozzarelle ciliegine",
            "description": "La mozzarella va tagliata in pezzi di 5mm",
            "thumbUrl": "assets/imgs/product/DSC_0037.JPG",
            "imagesUrl": "assets/imgs/product/DSC_0041.JPG"
        },
        {
            "title": "Pomodorini",
            "description": "Il pomodoro va tagliato in pezzi di 5mm",
            "thumbUrl": "assets/imgs/product/DSC_0046.JPG",
            "imagesUrl": "assets/imgs/product/DSC_0049.JPG"
        },
        {
            "title": "Olive",
            "description": "L’oliva va denocciolata e va tagliata in pezzi di 5mm",
            "thumbUrl": "assets/imgs/product/DSC_0051.JPG",
            "imagesUrl": "assets/imgs/product/DSC_0057.JPG"
        }
    ]
}